DeliveryTime,NumberPackagesDelivered,Temperature,DistanceToCityCenterFromDC,DriverExperience,DriverSafetyIncidents,VehicleType,FulfillmentChannel
6.7,110,61.9,32,13.2,3,Gas,SFS
6.1,96,42.3,30.7,12.7,2,Gas,SFS
2.6,94,40.6,30.3,13.7,4,Gas,SFDC
7.5,98,57.2,33.7,8.3,4,Electric,SFS
3.4,99,61.4,28.3,13.7,4,Gas,SFS
7.1,100,75.6,33.2,6.7,6,Gas,SFDC
3.4,97,48.7,25.4,10.6,7,Electric,SFS
4.7,111,51.1,25.4,16.2,2,Electric,SFS
7.2,101,62.1,21.8,9.5,3,Gas,SFDC
3.5,96,49.4,23.4,13.7,6,Gas,SFS
6.9,97,76,13.5,6.7,3,Gas,SFDC
6.9,118,61.1,6.4,11.6,4,Gas,SFS
7.3,104,39.6,28.9,8.5,4,Gas,SFS
5.6,111,56.3,19.5,10.8,4,Electric,SFDC
4.3,87,45.4,28,7.2,4,Gas,SFS
5.6,103,55.1,11.7,10.3,3,Electric,SFDC
4.5,108,17.1,15.6,9.7,5,Gas,SFS
3.3,86,58.7,16.2,9.8,5,Electric,SFDC
6.2,107,63.3,21,11.1,1,Electric,SFDC
3.9,85,66,28.2,9.2,4,Gas,SFDC
6.1,98,61.8,11.9,11.2,5,Gas,SFS
9,116,80.6,20.6,11.9,5,Gas,SFDC
5.4,95,25.9,21.9,10.8,2,Gas,SFDC
7.3,90,77.7,21.5,8.4,4,Gas,SFS
2.1,91,72.9,23.6,16.6,2,Gas,SFDC
6.8,124,45,36.4,14.4,5,Gas,SFS
5.8,108,61.9,14.5,10.7,8,Gas,SFDC
7.3,82,90.3,28.4,8,4,Electric,SFS
5.7,113,56.1,34.2,13.8,3,Gas,SFS
7,114,45.8,11.8,10.1,2,Electric,SFDC
6,61,65.5,31.7,5.1,3,Gas,SFS
7.4,104,81.7,6.6,10.4,5,Gas,SFDC
7.8,91,50.6,21.9,4,7,Gas,SFS
7.2,115,31.6,20.9,12.4,3,Gas,SFS
5.6,81,29.8,20.4,7.4,3,Gas,SFS
8.3,84,71.8,20,2.4,6,Gas,SFDC
4,105,37.7,8.2,10.8,5,Electric,SFDC
2.4,93,38.5,30.8,11.8,6,Gas,SFS
7.2,89,47,19.8,5.2,4,Gas,SFDC
3,100,47.5,27.6,13.8,5,Gas,SFDC
8.8,111,89,25.8,10.9,1,Gas,SFDC
7.5,92,68.8,27.3,10.1,3,Gas,SFDC
6.4,105,38.6,24.6,6.5,4,Gas,SFS
5.1,123,68.7,19.3,15.5,3,Gas,SFDC
3.9,82,45.1,13.1,12.6,4,Gas,SFS
5.1,106,38.2,15.8,7.7,7,Gas,SFS
8.2,108,62.9,20.6,8,6,Gas,SFS
6.6,92,63.7,31.6,8.3,7,Gas,SFDC
8.8,105,76.2,34.9,10.6,6,Electric,SFDC
4.3,77,34.3,25.2,4.5,6,Gas,SFDC
3.5,82,79.5,17.8,11,5,Gas,SFDC
2.9,83,42.6,4.7,10,1,Gas,SFS
3.6,81,58.5,9.1,11.2,5,Gas,SFDC
5,122,35.3,20.7,13.8,2,Gas,SFS
1.4,61,40.3,10,6.9,7,Gas,SFDC
8,97,43,10.7,8,6,Gas,SFDC
7.4,100,74.3,11.8,4.3,8,Gas,SFDC
6.3,137,29.6,2,17.8,4,Electric,SFS
4.9,95,56.1,29.1,9.7,4,Gas,SFDC
6.9,100,38.5,12.8,6.5,4,Gas,SFS
9.5,94,39.2,31.1,5.5,4,Gas,SFDC
8.4,136,42.6,5.4,11.5,5,Electric,SFS
6.1,108,42.6,30.6,8.8,5,Gas,SFDC
4.7,94,46.4,15.8,10.6,3,Gas,SFDC
6,99,20.8,12.9,8.4,4,Gas,SFS
8.1,104,34,20.9,7.3,1,Gas,SFDC
4.8,106,22.7,32.1,10.4,5,Gas,SFDC
7,123,57,20.8,8.2,8,Electric,SFDC
2.3,83,45.3,12.3,10.1,7,Gas,SFDC
9.9,129,63.4,21.2,9,6,Electric,SFS
7.3,90,57,19.8,8.2,2,Gas,SFS
4.1,93,8,13.3,7.3,6,Gas,SFDC
7.4,100,49.9,19,8,6,Gas,SFS
6,100,48.1,12.7,11.1,4,Gas,SFDC
3.8,103,39.3,3.5,15.6,1,Gas,SFS
6.9,109,84.9,32.3,8.9,4,Gas,SFS
2.8,66,54.7,17.5,11,5,Gas,SFDC
9.1,123,44.2,24.6,8,5,Gas,SFS
9.3,132,35.1,11.6,13,5,Gas,SFDC
5.5,81,44.4,33.5,8.2,1,Gas,SFS
6.7,87,32.7,7.4,6.5,7,Electric,SFDC
4.7,103,35.6,9.2,7,7,Electric,SFS
6.2,108,42.5,16.5,12,4,Gas,SFS
7.6,112,59.3,20.3,10.3,4,Gas,SFDC
8.3,112,57.2,15.6,8.9,6,Gas,SFS
4.2,81,53,10.8,8.1,3,Gas,SFDC
5.4,123,51,32.5,18.2,2,Gas,SFDC
8.8,106,59.1,33.5,8.3,7,Electric,SFDC
4.9,92,23.3,13.3,12.4,2,Electric,SFS
4.5,117,66.4,6.7,19.7,4,Gas,SFS
3.7,88,73.2,20,9.9,4,Gas,SFS
6.9,101,86.7,17,8.9,3,Gas,SFDC
0.9,88,30.6,10.6,14.6,2,Gas,SFDC
2.1,70,54.3,5.6,10.3,8,Gas,SFDC
8.4,103,31.6,30.2,7.6,3,Electric,SFS
2.9,86,29.9,18.6,8,7,Gas,SFS
5.7,84,43.1,19.7,11.1,5,Gas,SFDC
9.2,117,51.1,8.5,8.5,5,Gas,SFS
5.7,97,36.3,3.3,9.2,1,Gas,SFS
6.2,90,66.8,21.5,5.4,10,Gas,SFS
5.8,99,85.3,17.2,8.9,5,Gas,SFDC
3.5,92,47.1,17.6,13.2,4,Gas,SFS
5.3,86,74.7,22.6,8.7,7,Electric,SFDC
4.7,118,38.6,21.1,16.3,3,Gas,SFS
3.5,85,53.9,25.9,10.8,3,Gas,SFDC
6.1,105,27.8,34.4,11.4,6,Gas,SFS
7.1,102,12.3,34,8.4,5,Gas,SFS
5.4,91,49.1,6.4,11.6,4,Electric,SFS
2.5,89,40.5,18.3,11.7,4,Electric,SFS
7.8,80,12.4,2.8,3.6,4,Gas,SFDC
7.2,92,61.7,16.6,9.2,7,Gas,SFDC
4.4,80,53.1,6,4.9,6,Gas,SFDC
7.4,125,50,32.8,10.9,2,Gas,SFDC
5.2,81,88.7,36.6,5.8,6,Electric,SFS
4.8,81,60,22.2,9,6,Gas,SFS
4.6,102,47.3,34.1,10.6,7,Electric,SFDC
5.7,103,59.2,20.8,10,6,Gas,SFS
3.7,70,52.5,31,7.9,4,Gas,SFDC
5.4,101,75,12.3,9.1,5,Gas,SFS
7.7,95,56.4,13,10.2,3,Electric,SFDC
9.3,114,82.2,28.2,8.8,6,Gas,SFS
1.6,93,50.7,11.2,18.4,3,Gas,SFS
8.1,103,73.4,34.1,10.7,5,Gas,SFS
9.2,106,83.2,12.9,7.8,5,Gas,SFS
6.5,91,31.6,20.4,3.7,6,Gas,SFDC
10.3,121,54.1,6,8,7,Gas,SFDC
6.7,84,40.5,13.5,6.7,9,Gas,SFDC
6.8,135,57.4,12.6,17.3,3,Electric,SFDC
7.1,117,70.2,16,10.3,4,Gas,SFDC
7.7,108,37.3,24,12.2,3,Gas,SFDC
6.2,88,55.3,27.9,6.5,6,Gas,SFS
5.4,82,50.9,31.4,7.5,6,Electric,SFDC
5.1,98,34.1,26.4,8.8,6,Gas,SFDC
6.2,108,56,5.8,9,2,Gas,SFDC
5.9,90,60.5,13.5,5.3,5,Gas,SFS
5.9,107,55.7,19.8,14.7,6,Gas,SFDC
6.7,88,61.5,28.4,7.6,7,Electric,SFS
7.8,91,66.8,16.9,6.3,4,Gas,SFDC
6.9,95,55.7,36.8,12.2,4,Gas,SFDC
4.4,93,46,28,10.2,8,Gas,SFS
7.7,107,77.3,15.6,11.4,3,Electric,SFS
3.6,86,50.3,28.9,13.7,5,Gas,SFS
2.5,102,64.2,18.7,16,2,Gas,SFS
2.6,86,62.3,22.7,10.6,5,Electric,SFS
3.2,87,65.7,16.5,10,8,Gas,SFS
5.2,114,50.3,22.8,17.2,5,Gas,SFS
9,109,59.4,16.4,8.2,7,Gas,SFDC
2.9,82,53.1,22.4,12.7,3,Gas,SFS
2.9,81,31.7,8.7,9.8,3,Gas,SFDC
5.1,92,40.7,20.6,10.4,4,Gas,SFDC
4.3,64,66.6,25.6,4.9,5,Gas,SFDC
6.6,112,77.1,15.8,13,7,Gas,SFDC
4.8,97,73.1,22.9,9.7,8,Electric,SFDC
4.3,76,85.2,9.5,5.4,6,Gas,SFS
7.6,110,66.9,32.3,9.1,4,Electric,SFS
3.5,86,42.8,2.6,7.7,6,Gas,SFS
4.7,110,30.2,14.6,12.4,3,Gas,SFDC
4.9,103,62.7,12.3,13.9,5,Gas,SFS
4.8,78,61.7,12.7,9.1,5,Electric,SFDC
4.4,97,59.7,19.7,9,6,Gas,SFDC
8.2,128,53.9,12.9,7.4,6,Gas,SFDC
6.8,89,41.7,20.7,8.7,1,Gas,SFS
3.7,103,79.1,35.9,15.2,3,Electric,SFS
8.7,93,42.1,13.6,5.9,3,Gas,SFDC
5.5,94,85.1,36.8,12.7,1,Gas,SFS
7.4,132,57.4,20.7,15.5,2,Gas,SFDC
1.3,75,60.3,3.5,9.6,9,Gas,SFS
7.2,106,74.9,26.5,17.2,0,Gas,SFDC
10.3,89,63.5,22.6,3.9,5,Gas,SFDC
6.5,91,53,7.6,5.2,5,Gas,SFS
4.5,84,51.9,24.2,6.2,6,Gas,SFDC
4.5,119,45.6,11.9,16.8,3,Gas,SFS
9.7,116,75.1,24.4,7.9,6,Gas,SFS
5.4,91,80.1,15.2,7.9,7,Gas,SFDC
7.2,101,62.8,33.3,7.3,5,Gas,SFS
5,77,36.4,17.4,7.8,6,Gas,SFS
4.2,67,74,20.9,13.6,2,Gas,SFDC
8.7,109,49.9,25.5,10.6,5,Electric,SFDC
8,108,32.6,14.8,7.7,7,Gas,SFS
6.6,122,52.4,24.4,15.8,5,Gas,SFS
6,79,60,21.8,9.5,5,Gas,SFDC
4.7,98,36.4,24.5,12.8,5,Electric,SFDC
4.6,87,60,11.3,13,5,Gas,SFS
5.8,91,98.9,28.8,11.4,6,Electric,SFDC
7.1,111,65.7,19.5,12.5,5,Gas,SFS
5.2,89,55.3,3.4,11.2,4,Gas,SFS
3.5,98,17.8,7.9,15.2,1,Gas,SFDC
7.7,119,55.7,30.8,13.6,1,Gas,SFDC
3.4,93,18.9,27.5,8.4,6,Electric,SFS
4.3,68,70.9,13.3,8.3,6,Electric,SFS
6.8,97,57.1,24.1,10.5,1,Electric,SFS
4.7,55,65.1,9.9,4.5,3,Gas,SFDC
5.9,110,57.1,10.4,11.6,6,Gas,SFS
2.2,79,46,28.7,10.1,7,Gas,SFDC
5.9,53,43.9,21.4,2.3,10,Gas,SFDC
6.9,101,58.6,12.3,12.4,6,Gas,SFDC
5.2,110,75.2,18.4,11.4,4,Electric,SFS
4.8,95,39.8,12.8,7.2,6,Gas,SFS
5.7,92,33,29.4,6.8,6,Gas,SFS
5.8,114,53.1,26,16.8,6,Gas,SFDC
10.5,96,52.2,17.8,4.7,3,Electric,SFDC
3.7,100,42.3,22.6,11.9,3,Gas,SFS
4.6,88,59.7,13.7,12.1,2,Gas,SFS
3.8,97,29.7,30.8,9.9,4,Electric,SFS
5.6,112,40.1,15.1,9.8,6,Electric,SFDC
6.2,115,74.1,28.6,9.9,6,Gas,SFS
3.5,102,53.2,18.7,16.7,4,Gas,SFDC
2.4,64,68.2,17.7,12,3,Gas,SFS
7.3,99,78.2,13.7,9.6,3,Gas,SFS
5.8,100,22.8,18.3,7.4,2,Gas,SFDC
3.5,71,60.8,29,9.9,6,Electric,SFS
2.9,61,44.7,17.8,5.7,7,Electric,SFS
4.4,99,76.8,36.1,11.6,5,Electric,SFS
3.5,84,13.7,9.3,6.3,9,Gas,SFDC
5,112,25.9,2.2,9.8,4,Gas,SFS
5.7,78,56.5,8.3,8.1,4,Gas,SFS
2.2,81,54.1,16.2,15.2,3,Gas,SFDC
7.3,115,44.9,4.2,12.5,3,Electric,SFS
8,145,43.6,17.2,16.9,2,Electric,SFS
5.1,93,41.6,3.7,11.1,4,Electric,SFDC
5.1,120,58.8,22.9,15.2,4,Gas,SFDC
4.7,101,67.5,33.2,11.5,4,Gas,SFS
3.8,103,47.5,3.1,11.4,4,Electric,SFS
8.2,100,66.4,21.9,4.9,6,Electric,SFS
2.9,93,40.3,22.2,10.7,6,Gas,SFS
8.6,112,70.1,25.3,10.3,4,Gas,SFDC
6.9,127,69.8,21.1,15.3,2,Gas,SFS
1.8,62,67.2,5.2,8.5,6,Gas,SFS
3.5,106,50.4,18.8,17.3,2,Gas,SFS
9.6,98,74.3,21.1,5.9,5,Electric,SFS
7.8,129,60.7,18.1,15.1,0,Gas,SFDC
3.3,117,23.3,17.3,18.1,3,Gas,SFS
5.8,94,72.7,22.8,9.4,6,Gas,SFS
3.7,82,58.4,18.6,12.7,4,Electric,SFDC
5,87,27.6,7.4,8.3,3,Gas,SFS
4.7,97,47.6,16.7,8.7,7,Gas,SFDC
5.4,111,53.4,10,12.4,7,Gas,SFS
7.5,98,67.8,25.9,10,8,Gas,SFDC
6.5,84,53.9,25.2,9.2,6,Gas,SFDC
4.5,103,48.2,19.4,11.3,5,Gas,SFDC
9.2,106,61.9,29.9,6.1,6,Gas,SFS
3.6,66,56.5,18.9,6.9,2,Gas,SFDC
7.5,102,95.5,30.2,9.3,3,Gas,SFS
8.4,90,76.1,30,4,5,Gas,SFS
6.3,103,58.3,18.2,8.7,4,Electric,SFDC
7.7,82,67.8,14.2,6,6,Gas,SFDC
8.6,99,71.7,26.7,8.2,4,Electric,SFS
6.5,118,70.3,23.9,10.8,4,Electric,SFS
6.2,87,43.2,20.5,7.9,6,Gas,SFDC
6.7,83,59.2,33,6.7,5,Gas,SFDC
6.2,85,48.2,36.4,11.6,4,Electric,SFDC
7,88,72.3,22.4,9.5,9,Gas,SFDC
8.5,80,66.6,12.8,3.1,3,Gas,SFDC
3.1,72,54.5,8.6,13.3,3,Gas,SFS
6.9,116,88,27.8,16.9,4,Gas,SFS
7.8,112,51.4,17,10.9,5,Gas,SFS
4.5,74,40.9,3.5,6.8,4,Electric,SFS
3.9,97,34.6,11.5,8.7,5,Gas,SFS
7.3,82,92.9,20.1,8.8,3,Electric,SFS
5.4,80,62,8.2,11.7,5,Electric,SFDC
3.9,99,33.2,18.3,10.8,2,Electric,SFS
7.9,95,23.5,11.9,4.6,4,Electric,SFS
8.3,80,49,33.4,3.2,7,Gas,SFDC
4.2,84,57.7,27.6,11.2,3,Gas,SFS
2.4,90,32.8,14.1,10.2,5,Gas,SFS
8,94,82.7,29.6,5.8,6,Gas,SFS
5.9,110,62.6,23.2,14.8,4,Gas,SFS
4.5,78,24.6,16.5,8.5,5,Electric,SFS
3.9,93,54.4,12.5,9.4,6,Electric,SFS
6.6,59,52.7,18.3,5.1,1,Electric,SFDC
6.4,103,29.6,19.6,9.8,5,Electric,SFDC
7.4,86,64.4,18.9,4.8,6,Gas,SFDC
5.1,69,62.4,27.5,4.1,4,Electric,SFDC
3.7,77,59.8,31.9,11.6,5,Electric,SFS
5.1,108,45.5,22.5,13.7,5,Gas,SFDC
4.3,55,21.2,11.5,2.2,7,Gas,SFDC
9.9,134,55.8,29.5,10.2,6,Gas,SFS
5.5,97,51.9,19.5,8.3,2,Gas,SFS
4,81,63.5,16.2,5.4,6,Electric,SFS
5.5,92,58.3,24.2,7.6,5,Electric,SFDC
4.5,110,33.5,1.9,12.1,4,Gas,SFDC
6.9,123,63.8,26,10.6,3,Gas,SFDC
4.8,99,51.8,11.8,12.7,6,Gas,SFS
6.9,101,48.1,33.1,11.3,7,Gas,SFDC
5.9,87,53.1,9.2,8.9,3,Gas,SFS
0.7,93,40.8,16.8,16.4,4,Electric,SFS
7,95,94.1,34.3,11.1,1,Electric,SFS
7,105,47.6,21.5,9.2,2,Gas,SFS
5.2,79,63.4,14.5,4.7,6,Gas,SFDC
6,107,56.5,21.9,18.1,1,Gas,SFDC
4.3,110,59.7,28.1,14.7,0,Gas,SFS
3.1,84,44.1,9.6,10.9,5,Gas,SFS
7.3,119,67.9,29.9,10.8,5,Gas,SFDC
6.2,97,56.6,10.6,10.6,3,Gas,SFDC
6.4,94,57.6,13.2,7,9,Gas,SFDC
7.9,109,63,35.1,5.2,7,Electric,SFDC
4.9,71,75.5,11.1,4.7,6,Electric,SFDC
8,137,54.8,8,18.3,3,Gas,SFDC
6.5,107,47.9,12.8,12.2,4,Gas,SFS
7,118,64.6,27,14.8,5,Electric,SFS
5.8,112,62.3,11.8,13.3,1,Electric,SFS
5,81,55.9,10.3,8.5,6,Electric,SFDC
5.3,76,37.3,9,5.9,4,Electric,SFDC
5.1,95,26.8,13.4,7.9,3,Gas,SFDC
1.6,80,49.4,20.9,10.7,7,Gas,SFS
7.5,94,62.2,26.5,8.7,4,Gas,SFS
4.6,94,52.8,5.6,10.7,5,Gas,SFS
7.6,104,59.2,16.7,9,7,Gas,SFS
7.7,116,39.2,25.9,7.2,9,Gas,SFS
5.3,123,28.5,11.2,15.2,1,Electric,SFS
8.6,91,57.3,24,4.1,6,Gas,SFS
1,84,19,23.5,11,8,Gas,SFS
4.5,101,59.5,10.8,11.6,7,Gas,SFS
5.2,91,44.1,6.5,13.3,3,Gas,SFDC
7.7,110,35.7,6.6,11.5,3,Gas,SFDC
2.7,93,43.5,26.3,11.1,6,Gas,SFS
7.9,109,87.4,20.8,11.6,5,Gas,SFS
7.6,123,22.9,8.9,9.8,4,Gas,SFS
3.2,91,59,21.8,12.6,2,Gas,SFDC
6.1,106,56.3,22,10.1,5,Gas,SFS
6,109,64.8,34.4,10.4,5,Gas,SFS
5.3,94,71.2,23.6,8.4,4,Electric,SFS
7.1,73,89,29.5,7.6,4,Gas,SFDC
4.6,95,38.2,16.8,11.5,6,Gas,SFDC
6.5,104,67.2,22.9,8.6,7,Electric,SFS
5.6,98,46,13,10.9,3,Gas,SFS
4.4,103,45.7,24.6,10.1,5,Gas,SFS
5.5,68,51.4,33.4,8.1,6,Gas,SFDC
3.7,94,69.1,2.7,12,2,Electric,SFS
5.6,118,37,13.8,12.1,3,Gas,SFDC
7.7,114,54.6,23,11,5,Electric,SFS
6.9,100,67.3,22.5,8.6,5,Gas,SFS
5.9,97,40.4,25.4,10.9,4,Electric,SFS
5.1,116,54.8,26.3,16.9,3,Electric,SFS
2.7,60,71.6,30.8,8.6,7,Electric,SFS
3.7,88,59.4,13.5,9.9,3,Gas,SFDC
4.8,74,4.8,14.9,5.8,5,Gas,SFDC
7.7,90,37.6,28.9,4.8,7,Gas,SFS
11.2,119,58.9,13.8,6.1,7,Gas,SFDC
8.4,115,59.2,32.5,8.9,7,Gas,SFDC
7.8,102,69.3,20.7,10.8,2,Gas,SFS
4.7,84,62.5,9.7,10.9,6,Gas,SFS
5,112,70.9,12.5,17.6,3,Gas,SFDC
6.4,78,59.8,25.4,7.6,4,Gas,SFS
3.7,93,52.4,25.1,9.4,6,Gas,SFS
7.3,95,61.3,7.8,6.6,7,Electric,SFDC
6,115,47.2,24.7,11.1,5,Gas,SFDC
9.2,100,56.3,22.1,7.4,6,Gas,SFDC
5.6,126,50.6,21.2,13.6,4,Gas,SFS
5.8,97,62.2,24.4,8.1,4,Gas,SFS
8.4,103,68.7,23.9,7.9,2,Electric,SFS
8.4,133,46.2,19.8,11,7,Gas,SFDC
8.2,94,71.5,28.4,5,5,Electric,SFDC
6.5,114,41.5,18,12.8,2,Electric,SFS
4.5,82,48.5,15.6,8.9,7,Gas,SFDC
3.4,75,73.1,17,17,2,Gas,SFDC
5.4,110,73.7,14.1,13,1,Gas,SFDC
6,91,65.6,19.9,12,5,Electric,SFDC
7.1,94,59.9,12.8,3.8,9,Electric,SFS
9.8,98,71.1,31.3,5.3,1,Gas,SFDC
4.7,90,59.2,13.9,12.8,3,Electric,SFDC
6.5,78,39.9,17.2,6.2,6,Electric,SFDC
8.6,88,48.5,12.6,5,4,Gas,SFDC
6.1,107,49.5,12.3,8.2,2,Gas,SFS
5.6,98,78.6,29.3,9.8,4,Gas,SFDC
3.6,92,39.6,17.7,10.7,9,Electric,SFS
2.9,96,52.3,20.4,14,3,Gas,SFS
4.1,112,49.7,26.9,11.1,8,Gas,SFS
6.6,98,67.2,30.3,6.3,8,Gas,SFDC
7.9,100,60.8,18.5,10.9,3,Gas,SFDC
6.6,106,63.9,11.5,10,4,Gas,SFS
6.6,112,44.6,30.7,11.6,2,Gas,SFS
4.9,102,44.8,2,7.2,6,Gas,SFS
6.8,113,49,7.6,12.8,3,Gas,SFDC
6.5,112,80.2,22.2,14,6,Gas,SFS
5.4,116,48.4,21.2,14.9,4,Gas,SFS
7.5,109,33,13.1,7.6,7,Electric,SFS
5.7,103,32.4,8.9,9.9,4,Gas,SFS
4.8,127,33.8,34.4,18.6,4,Gas,SFDC
7.1,87,86,10,7.3,7,Electric,SFS
4.4,104,59.7,9,12.7,2,Gas,SFS
7.2,109,44.4,19.7,6.5,3,Electric,SFDC
6.5,81,54.3,32,6.6,5,Gas,SFDC
7.2,94,70.7,23.8,7.5,8,Gas,SFDC
1.4,97,28.1,27.5,15.2,5,Gas,SFDC
5.3,97,62.1,27.9,11.8,6,Electric,SFDC
5.2,102,63.4,25,9.4,3,Gas,SFS
6.6,117,54.3,12.8,15.3,0,Gas,SFS
7.9,128,35,17.1,9.5,6,Gas,SFS
6.6,97,97,28.3,12.6,5,Gas,SFS
4.6,87,49.8,18,12.8,3,Gas,SFS
2.7,93,70.5,23.7,16.5,4,Electric,SFS
5.1,97,35.1,12.1,9,1,Electric,SFDC
8.6,114,54.5,26.8,7.2,5,Gas,SFS
5.6,100,59.5,15.6,12.6,3,Gas,SFS
6.2,91,22.1,25.8,7.9,6,Gas,SFS
7.2,103,76.4,14.2,10,4,Electric,SFDC
6.2,129,51.2,32.9,15.5,0,Gas,SFDC
8.2,114,70.8,21.5,11.1,4,Electric,SFS
7.6,92,56.5,19.2,10.1,2,Gas,SFDC
8.6,113,37.7,18.9,4.8,8,Gas,SFS
4.8,117,55.9,13.2,15.3,3,Gas,SFDC
7.5,101,76.4,17.6,9.4,4,Gas,SFS
5.6,117,52.8,21.3,12.6,4,Gas,SFDC
0.9,93,40.5,24.1,15.6,5,Gas,SFDC
7.3,76,68.8,11.6,5.9,7,Gas,SFDC
4.9,98,53,15.3,11.2,7,Gas,SFDC
7.6,90,48.3,22.7,6.8,6,Electric,SFDC
7.8,91,80.4,19.9,9.1,5,Gas,SFDC
6.5,90,72.1,23.5,12,3,Gas,SFDC
6.4,114,40.4,18.4,8.5,3,Electric,SFS
5.9,97,52.7,28.9,9.3,5,Electric,SFS
5.6,137,71,12.6,18,2,Gas,SFDC
7,73,72.3,33.1,1.4,9,Electric,SFS
6.9,119,64.2,36.2,9.1,6,Gas,SFS
4.3,109,44,10.9,11.5,4,Gas,SFS
2.4,76,38,11.8,12.6,2,Gas,SFS
3.2,89,37.2,26.8,9.7,8,Gas,SFDC
4.6,81,24.1,8.4,11.5,5,Gas,SFDC
4.2,99,50.2,15.5,14.7,4,Gas,SFDC
6.2,114,51.6,10.6,13.2,3,Gas,SFDC
5.4,123,73.5,30.7,14.5,5,Gas,SFS
3.8,55,37.8,29.9,1.8,12,Gas,SFS
5.2,111,6.2,13.6,11.7,3,Electric,SFS
3.5,102,81.2,30,12.7,7,Gas,SFS
5.1,69,38.3,32,3.2,8,Gas,SFS
5.1,112,42.9,17.7,14.9,1,Gas,SFS
3,92,47.9,20.3,11.1,4,Gas,SFS
9.5,132,80.5,26.4,10.6,4,Electric,SFS
6.7,103,30.6,32.7,10,7,Gas,SFS
7.4,120,86.4,23.1,10.2,5,Gas,SFDC
8.4,105,55.6,8.9,7.1,3,Gas,SFS
5.2,93,52.1,15,9.2,7,Gas,SFS
1.5,79,68.6,31.3,14,4,Gas,SFS
2.9,65,37.2,24,4.4,6,Gas,SFDC
4.8,70,34.2,30.2,7.8,4,Gas,SFS
5.7,83,48.8,10.5,6.1,6,Electric,SFDC
6,121,43.2,17.2,10.4,4,Gas,SFDC
1.4,90,43,21,16.4,5,Gas,SFS
9.1,134,57.7,30,7.9,4,Gas,SFS
6.8,114,37.4,26.7,14.2,5,Gas,SFDC
7.4,108,47,30.5,9.6,4,Gas,SFDC
1.7,114,41.9,20,19.9,1,Gas,SFS
2.8,100,21.5,11.7,10.9,5,Gas,SFS
7.5,96,80.6,13.7,6.7,8,Gas,SFDC
6.9,102,57.5,13.6,11.7,1,Gas,SFS
5.8,85,72.2,21.3,9,5,Gas,SFDC
6.2,116,77.4,22.9,12.2,6,Gas,SFDC
7.4,112,52.5,12.2,12.6,2,Electric,SFS
3.2,84,64.6,25.1,10.6,4,Electric,SFS
3.8,115,43.2,11.3,14.7,2,Gas,SFS
8.1,104,30.4,15.3,9.4,6,Gas,SFDC
0.9,79,40.1,25.2,14.3,3,Gas,SFS
3.9,94,46.1,24.3,10.4,4,Gas,SFDC
1.5,73,43.6,2.2,14.1,3,Gas,SFDC
4.5,77,35.3,12,10.6,2,Gas,SFS
6.2,112,72,29.3,7.7,10,Gas,SFS
6.1,94,39.2,21.9,4.4,7,Gas,SFDC
4.7,90,51.6,27,14.3,3,Gas,SFS
4.5,93,6.4,15.2,12.8,6,Gas,SFDC
5.7,78,60.4,24.6,6,9,Gas,SFS
3.5,85,33.8,27.3,9.8,5,Gas,SFDC
3.7,112,33.5,5.9,12.2,6,Gas,SFS
5.9,93,43,15.8,6,5,Gas,SFDC
8.2,105,47,18.1,6,7,Electric,SFS
5,120,38.4,17.8,12,6,Gas,SFS
6.5,108,76.3,33.8,13.1,3,Gas,SFDC
4.1,89,83,16.8,9.2,5,Gas,SFS
7.1,77,91.9,36.8,5.6,7,Gas,SFDC
2,91,76.7,32.4,14.6,5,Gas,SFS
10.2,128,52.6,11.8,8.5,5,Gas,SFS
8.5,105,38.4,13.1,7.5,6,Gas,SFDC
7,110,44.6,18.2,10.4,2,Gas,SFS
4,90,57.5,26.1,9.2,5,Gas,SFS
6,96,24.2,22.8,9.8,4,Gas,SFS
7.5,90,78.2,30.3,3.5,3,Gas,SFDC
6,104,36.2,9.3,9.1,6,Gas,SFS
7.6,93,79.1,17,7.8,3,Gas,SFDC
8.2,89,50,8.3,2.2,4,Gas,SFS
5.5,75,56.2,28.1,5,6,Gas,SFS
4,114,47,7.3,15.3,4,Gas,SFDC
2.4,95,66.8,3.2,15.2,1,Gas,SFS
7.8,99,68.5,30.7,11.5,5,Gas,SFDC
1.3,78,60.9,4.8,16,3,Gas,SFS
4,95,22.3,11.6,11.9,8,Gas,SFS
9,87,63,31.4,6.3,3,Gas,SFDC
4.3,60,65.7,29.3,3.1,6,Gas,SFDC
11,118,80.8,32.5,7.7,6,Gas,SFDC
5.9,93,31.1,18.1,11.3,4,Gas,SFDC
6.8,109,50.2,25.3,11.2,7,Electric,SFS
4.9,97,32.8,34.4,11.3,3,Gas,SFS
2.5,79,20.4,9.1,10.9,5,Gas,SFDC
8.2,109,32,18.8,10.5,4,Gas,SFDC
6.1,100,50.2,9.2,12,3,Gas,SFS
5.9,109,53.5,16.3,13.3,5,Gas,SFS
5.2,86,48.5,11.6,7.5,9,Electric,SFDC
9.1,112,50.7,31.4,6.2,5,Gas,SFS
8.4,95,63.5,19.4,7.3,8,Electric,SFDC
9,111,57,19.2,12.4,1,Gas,SFDC
8.1,110,33.3,17.8,9,2,Electric,SFDC
8.9,136,55.6,15.8,14.4,2,Electric,SFS
7.3,145,47.4,30.6,15.6,4,Gas,SFS
6.3,95,80.3,22.1,6,7,Gas,SFDC
6.5,108,62,20.8,6,9,Gas,SFS
8.3,88,97.6,21.9,6.3,4,Gas,SFDC
6,103,56.1,19,15.4,5,Gas,SFDC
7.5,125,78.4,32.9,17.5,4,Gas,SFDC
4.5,73,39.9,18,10.5,5,Gas,SFDC
2.9,65,44.3,17.9,4.9,7,Gas,SFDC
4.6,98,30.9,20.5,9.6,2,Electric,SFDC
5.8,63,64.5,10.9,6.4,5,Electric,SFDC
6.6,86,23.9,21.2,6.5,5,Gas,SFS
11,153,73.8,30.4,9.9,4,Gas,SFDC
4.2,81,34.6,13.9,7.1,2,Electric,SFDC
3.5,79,39.7,13.8,14.1,4,Gas,SFDC
8.5,114,89.6,26,10.6,3,Gas,SFS
2.9,98,24.9,19,10.9,5,Electric,SFS
8,71,70.8,19.1,0.7,4,Gas,SFS
5.6,80,58.8,26.8,3.8,4,Gas,SFS
8.2,99,69.6,24.6,5.1,5,Electric,SFS
6.2,78,57.4,27,8.5,6,Gas,SFDC
6.5,83,69,13.8,10.2,7,Electric,SFDC
7.1,102,68,25.1,10.1,3,Gas,SFS
8,104,41.9,13.8,9.2,4,Gas,SFDC
5.4,85,23.1,3.4,8.6,1,Gas,SFDC
1.5,95,51.4,23.8,15.7,3,Electric,SFS
4.5,95,71.6,25.5,14.1,6,Gas,SFS
1.4,73,53.6,17.8,11.1,4,Gas,SFS
4.9,103,31,29,8.1,6,Gas,SFDC
4.6,83,65.1,14.1,14.4,4,Gas,SFDC
6.3,87,77.2,30.6,8.3,3,Gas,SFS
6.9,115,52.2,25.7,7.2,6,Gas,SFS
4.3,81,50.4,17.8,9.7,6,Gas,SFS
8.8,119,41.1,20.4,9.7,3,Gas,SFDC
7.7,91,56.5,24.4,9,5,Gas,SFDC
2.6,61,56.4,28,13.9,5,Gas,SFDC
4.5,94,67.1,34.1,13.6,1,Gas,SFS
4.8,103,5.5,8.4,6.9,5,Gas,SFS
4.7,106,26.8,30.7,8.8,6,Gas,SFS
8,89,63.8,31.1,4.6,7,Gas,SFDC
5.7,96,40.5,30.3,6.7,4,Electric,SFS
2.5,98,40.6,22.4,11.8,6,Electric,SFS
3.1,82,42.2,14.6,8.4,4,Electric,SFS
8.2,112,51.4,29.9,12.4,6,Gas,SFDC
9.1,121,44,18.9,9.8,1,Gas,SFS
4.4,113,19.8,11.7,17,2,Gas,SFS
4.9,102,72.6,11.8,15.3,5,Electric,SFDC
5.2,101,42.1,36.6,9.4,2,Electric,SFS
7,109,41.2,25.4,10.3,4,Gas,SFS
6.6,101,88.8,21.1,12.5,1,Electric,SFDC
8.9,108,71.6,25.4,7.1,5,Electric,SFDC
4.3,100,40.5,9.6,8.1,7,Gas,SFS
8.5,91,79.3,15.9,9.5,2,Gas,SFDC
2.6,94,42.2,15.1,13.1,3,Gas,SFS
1.9,67,40.6,32.7,11.4,8,Electric,SFS
5.1,75,19.2,4.8,3,7,Electric,SFS
7.2,114,42.3,14.3,11.2,1,Gas,SFS
3.3,112,49.8,28.1,18.7,0,Gas,SFS
8.7,114,29.4,30.4,12,1,Electric,SFDC
7.3,86,53,23,3.9,6,Electric,SFS
4.7,80,64.6,19.2,11.2,3,Gas,SFS
5.5,110,57.1,17.1,14.8,5,Gas,SFDC
7.4,110,66.3,37.5,12.7,8,Gas,SFDC
5.5,73,54.5,21.2,6.6,8,Gas,SFS
5.8,109,50,5.2,9.1,4,Gas,SFDC
4.3,86,73.1,37,9.6,3,Electric,SFS
6.3,85,46.4,12.9,4.9,5,Electric,SFS
2.7,81,27.8,6.2,12.7,5,Gas,SFS
5.8,104,27,22.6,12.2,1,Gas,SFDC
3.8,82,49.9,24.7,6.1,10,Electric,SFS
1.3,65,33,22,7.8,4,Gas,SFS
4.4,89,21.1,21.6,6.7,9,Gas,SFS
6,70,66.3,32.5,4.5,3,Electric,SFS
2.3,73,28.6,18.9,11.3,3,Gas,SFS
7.4,95,61.9,23.3,8.5,5,Gas,SFS
6.5,104,89.3,30.7,8.3,7,Gas,SFS
0.6,82,27.6,27,16.4,4,Gas,SFS
3,107,58.5,20.3,13.4,5,Gas,SFS
9,124,29.2,26,10.1,5,Electric,SFS
2.9,95,62.5,24.3,20.5,2,Gas,SFS
7.1,105,56.2,33.9,6.5,4,Electric,SFS
5.1,94,62.6,7.4,7.2,2,Gas,SFS
3.9,95,68.6,2.2,15.2,3,Gas,SFDC
8.9,132,61.3,29.8,12.6,3,Electric,SFDC
7.1,110,56.3,33.8,10.7,8,Gas,SFDC
9,100,67.4,21.7,6.7,5,Gas,SFS
7.7,103,53.5,3.7,3.4,4,Gas,SFS
6.8,113,42.1,17.2,6.7,8,Gas,SFDC
5.1,97,41.4,31.3,13.2,5,Gas,SFS
5.9,103,32.9,33.3,11.3,7,Electric,SFDC
5.7,125,47.1,16.4,16.8,1,Electric,SFS
4,94,23.4,19.6,8.2,6,Gas,SFDC
6.6,121,29.1,12.4,12.6,3,Gas,SFS
2.6,84,30.8,5.7,9,3,Electric,SFS
3.9,77,48.8,19.3,9,6,Gas,SFS
3.8,78,32.7,18.1,9.9,6,Gas,SFDC
4.6,105,49.7,17.4,14.2,3,Electric,SFS
6.6,106,43.2,10.6,10.8,1,Gas,SFS
9,119,63,35.6,9.2,7,Gas,SFS
9.4,79,39.6,5.1,0.4,5,Gas,SFDC
6.1,88,66.8,32.9,5.2,6,Gas,SFDC
3.6,69,32.8,21,6,8,Electric,SFS
10.4,98,103.7,22.2,6.7,6,Gas,SFDC
6.2,106,71.9,29,11.2,10,Electric,SFDC
6.4,91,64.3,17.1,11.3,4,Gas,SFDC
7.4,93,47.9,27.7,7.8,6,Gas,SFDC
6.1,91,73.8,4.9,12.5,2,Gas,SFS
5.7,75,57.9,26.9,7.8,5,Electric,SFS
9.2,103,68.4,23.4,5.1,5,Gas,SFDC
3.2,80,31.7,10.1,11.9,3,Electric,SFDC
8.7,98,83.2,14,5.7,5,Gas,SFDC
6.9,99,48.5,24.2,9.3,3,Electric,SFDC
7.6,113,75.3,25,13.3,2,Gas,SFS
4.4,101,46.6,6.9,14.5,4,Electric,SFDC
6.8,90,41.3,17.8,11.6,1,Electric,SFDC
10,94,45.5,23.6,5.6,2,Gas,SFDC
5,85,63.6,24.2,9.8,5,Gas,SFS
8.5,118,58,27.2,9.2,7,Gas,SFS
8.7,102,47.6,30.3,8.2,6,Gas,SFDC
6.1,90,74.2,28.5,10.6,4,Gas,SFS
5.2,91,38.5,15.3,12,8,Electric,SFDC
6.3,111,45,12.5,9.6,2,Gas,SFDC
6.7,103,35,18.9,10.1,0,Gas,SFS
4.5,87,43.4,9.6,10.8,3,Gas,SFS
2.1,63,41.6,17,10.3,4,Gas,SFS
2.7,65,35.9,11.2,10.1,5,Gas,SFS
2.6,98,45.3,14.6,13.1,7,Gas,SFDC
3.5,86,27.9,23.3,12.4,3,Gas,SFDC
7.3,92,47,15.1,4.6,6,Gas,SFS
6.1,105,45.6,16.7,13.4,1,Gas,SFS
5.5,113,72.8,32.4,14,3,Electric,SFDC
5.5,99,69.3,27.3,13.1,7,Electric,SFS
4.7,123,24.3,10.1,16.6,4,Gas,SFDC
7.8,110,62.6,20.3,12.8,5,Gas,SFDC
6,111,31.2,7.5,11.3,7,Gas,SFDC
4.5,112,64.7,4.7,14.2,2,Electric,SFS
2.3,78,38.7,19.9,10.4,4,Gas,SFDC
5.3,107,64.9,18.3,9.7,7,Gas,SFS
9.1,109,59.7,19.6,11.3,2,Gas,SFDC
4.4,89,61.5,31.5,8.9,6,Gas,SFDC
5.4,110,45.2,17.5,9.9,6,Gas,SFS
4.9,105,63.7,13.5,10.5,7,Gas,SFDC
4.5,100,38.4,15.8,8.9,5,Gas,SFS
5.8,95,19.8,4.3,7.5,5,Electric,SFS
3.9,79,59.1,12.1,10,3,Electric,SFS
2.6,105,18,21.6,14.1,2,Electric,SFS
2.8,83,58.2,14.4,12.1,0,Gas,SFS
7.1,127,29.6,22.6,13.4,2,Gas,SFS
4.3,63,40.3,16.5,6.7,2,Electric,SFDC
10,94,51.3,32.1,3,6,Gas,SFDC
5.7,96,30.3,13.4,6.2,5,Gas,SFDC
8.4,96,85,23.3,9.1,5,Gas,SFDC
6.8,125,59.6,37.7,11.2,6,Gas,SFDC
2.2,101,38.6,3.8,12.5,7,Gas,SFDC
5.6,93,23,12,11.3,7,Gas,SFDC
7.9,100,60.7,25.1,6.7,3,Electric,SFS
5.3,128,68.6,15.6,16.6,6,Gas,SFDC
7.7,122,60.7,21.4,8.2,5,Gas,SFS
6.2,105,56.6,5.2,7,7,Electric,SFDC
3.4,93,45.5,16.4,15.8,3,Gas,SFDC
5.8,80,89.3,25.4,10.4,3,Gas,SFS
4.8,105,56.5,16.1,14.6,2,Gas,SFS
1.7,83,55.5,7.6,11.2,6,Gas,SFS
5.7,97,70.5,25.8,16,3,Gas,SFDC
7.3,104,49.7,23.9,8.1,6,Gas,SFDC
8.1,104,68.9,22.2,7,6,Gas,SFDC
4.5,93,64.1,20.9,10.4,5,Gas,SFDC
7.6,94,83.2,26.3,9.3,4,Gas,SFS
5,91,60.1,19.2,7.7,5,Gas,SFS
7.7,94,76.6,30.3,8,6,Gas,SFS
6.7,100,54.6,34.1,12.3,6,Gas,SFDC
7,118,40.3,13.2,12.9,2,Gas,SFDC
6.3,119,58.7,18.2,10.9,6,Electric,SFDC
6,88,86.7,17.9,10.5,5,Gas,SFDC
5.8,114,66.6,20.4,13.2,2,Gas,SFDC
6.6,85,42,15.7,7.6,4,Gas,SFS
5.2,83,65.3,24.3,7,9,Gas,SFS
7.5,96,60.1,36.7,7.3,4,Gas,SFS
5.8,112,60.7,26.4,10.5,5,Gas,SFS
4.7,93,43.5,11.4,10.9,7,Gas,SFDC
4.8,110,44.9,11.6,14.5,3,Gas,SFS
5.9,109,64.3,10.8,9.6,5,Electric,SFS
4.4,120,71,24.1,15,4,Gas,SFS
2.5,100,78.3,21.8,16.6,3,Gas,SFDC
4.8,123,66.4,21.1,15,3,Gas,SFS
3.4,93,38.2,9.9,9.8,3,Gas,SFS
8,110,59.7,22.6,9.4,2,Gas,SFS
4.5,103,56.6,12.7,9.7,7,Gas,SFS
4.3,112,24.4,17.3,12.4,5,Gas,SFDC
6.4,91,84.4,14.4,9.3,5,Gas,SFDC
8.4,103,72.9,31.5,8.7,6,Electric,SFS
7.3,103,61.6,24.8,12.2,5,Electric,SFDC
5,83,28.8,2.7,7.8,6,Electric,SFDC
7.2,98,89.9,30.3,9.5,2,Gas,SFDC
2.1,104,67.4,17.3,19.8,0,Gas,SFDC
2,78,34.2,8.4,8.9,5,Gas,SFS
10.2,123,72.5,34.5,8,3,Gas,SFDC
5.7,91,71.9,12,6.3,7,Gas,SFDC
7.2,92,82.3,30.3,11.6,5,Gas,SFDC
5.4,96,59.8,6.4,12.9,4,Gas,SFS
10.9,109,55.7,12.1,4.7,5,Gas,SFDC
5.1,94,59.3,19.4,16.3,0,Gas,SFDC
4.2,98,52.8,11.2,9.6,6,Gas,SFS
7.7,124,82.5,2.8,10.7,3,Gas,SFDC
8.4,110,43.1,31.1,7.7,7,Gas,SFDC
8.3,123,58.7,37.4,6.9,8,Gas,SFDC
5.5,59,34.2,22.9,5.4,6,Gas,SFDC
6.1,64,75.2,5.8,0.2,6,Gas,SFDC
5.8,100,23.3,10.9,5.1,7,Gas,SFS
7.4,99,50.9,11.4,7.6,5,Gas,SFS
3.9,82,15.1,12.1,9.1,3,Gas,SFDC
3.2,93,39.7,26.3,12,1,Gas,SFS
3.9,105,46.2,21.2,14.5,2,Gas,SFDC
4.7,121,36.2,5.7,13,3,Gas,SFS
7.4,105,77.1,18.6,8.8,4,Electric,SFS
5.5,89,51.6,18.5,6.6,2,Electric,SFS
7,121,84.8,8.2,10,6,Electric,SFDC
6,87,51.9,19.6,7.9,4,Gas,SFDC
4.6,80,50.5,24.5,9.2,3,Electric,SFS
9.6,103,77.2,33.4,6.3,5,Gas,SFS
4.8,87,82.9,30.3,10.5,0,Gas,SFS
6.1,119,52,23.6,14.1,4,Gas,SFS
3.4,73,49,19.1,11.4,4,Gas,SFDC
5.2,95,3.7,19.6,5.3,7,Gas,SFDC
3.2,77,11.8,14,8,4,Gas,SFS
7,95,65,6.3,6.5,6,Electric,SFS
6.6,125,55,18,12,5,Gas,SFDC
2.7,69,37.9,15.1,9.6,5,Gas,SFDC
8.2,103,66.3,28.6,6.5,7,Electric,SFDC
2.7,85,34.7,23.8,8.5,6,Gas,SFS
5,87,65.4,26.1,11.5,5,Gas,SFS
6.6,120,27.8,17.3,12.8,4,Gas,SFDC
5.7,103,21.5,23.4,14.6,3,Electric,SFDC
3.2,70,63.7,9.6,10,5,Electric,SFS
8.3,118,88.6,19.4,12,3,Electric,SFDC
4.1,98,49.3,20.6,11.8,4,Gas,SFDC
7,85,58.2,23.7,5.3,6,Gas,SFDC
6.2,115,40.8,20.9,17.2,2,Gas,SFDC
6.3,124,54,23,12.2,4,Gas,SFDC
4.3,103,41.6,24.4,11.5,4,Electric,SFS
6.2,103,75.9,26,10.9,2,Gas,SFDC
5.9,100,46.5,20.5,5.7,7,Gas,SFDC
5.1,91,52.8,30.1,11.4,4,Gas,SFDC
0.6,74,61.4,11.9,12.3,3,Gas,SFS
3.9,99,45.3,29.4,11.5,4,Gas,SFDC
5.4,80,55.9,15,7.3,7,Electric,SFDC
5.9,82,73.6,10.1,12.6,4,Gas,SFDC
4.1,86,39.8,13.8,12.5,4,Gas,SFS
5.9,97,54.6,28.9,9.7,6,Gas,SFDC
9.4,108,56,25.3,4.3,5,Electric,SFS
4.8,96,77.4,26.4,8,8,Gas,SFS
5.3,99,63.2,22.6,9,4,Gas,SFDC
5.5,123,59.1,23.3,13,9,Gas,SFDC
6.4,95,68.9,32.2,9.9,6,Gas,SFDC
3.8,90,37.5,23.1,11.2,6,Electric,SFS
5.9,114,61.6,4.8,14.9,4,Gas,SFDC
5.9,115,56.9,8.7,8.9,6,Gas,SFS
8.3,106,49,33.9,7.1,4,Electric,SFS
7.4,137,45.5,11.3,17.7,1,Gas,SFS
5.2,83,83.4,31.8,13.4,1,Gas,SFS
4.7,91,71.5,10.7,15.7,4,Gas,SFDC
7,93,36.6,10,7,3,Gas,SFS
8.7,80,54.9,14.9,3.1,6,Gas,SFDC
3.6,74,70.9,28.8,10.2,0,Gas,SFDC
10.3,124,49.4,33.2,9.7,5,Gas,SFDC
6.2,94,30.1,14.3,6.4,7,Gas,SFDC
5.2,104,85.1,23.2,12.5,3,Gas,SFDC
7.5,139,75,32,13.7,2,Gas,SFS
3.3,97,38.4,25.3,10.8,4,Gas,SFS
2.1,63,47,23.7,3.9,11,Gas,SFS
1.5,61,68.6,11.2,9.1,6,Gas,SFDC
8,141,82.1,20.5,13,1,Gas,SFS
7.2,97,24.8,8.2,9.6,4,Gas,SFDC
4,95,59.9,24.2,11.7,7,Gas,SFS
3.5,75,30.3,12.8,10.8,4,Electric,SFS
7.3,112,60.4,36.3,13.6,3,Gas,SFS
5.8,106,37.4,33.3,9.3,2,Gas,SFDC
5.3,108,26.7,12.5,9.9,2,Gas,SFS
7.3,101,55.3,18.5,4.6,4,Electric,SFS
3.6,93,70.4,32,12.1,3,Gas,SFS
5,100,45.9,20.7,11.1,4,Electric,SFS
5.2,120,50.6,30.3,16,5,Gas,SFS
5.7,86,35.1,15.8,7.8,3,Gas,SFS
9.7,105,58.1,34.9,1.6,8,Gas,SFS
5.2,101,57.7,23.8,12.1,4,Gas,SFS
5.3,106,34.9,5.1,13,5,Gas,SFS
7.7,124,79.2,36.7,12.6,5,Gas,SFS
3.1,95,51.1,23.6,13,5,Electric,SFDC
6.9,87,74.1,26.8,10.2,6,Gas,SFDC
6.1,75,59.7,18,5.5,4,Electric,SFS
5.6,95,43.1,30.9,11.3,4,Electric,SFS
2.2,92,74.3,10.8,16.5,3,Electric,SFDC
7.2,95,79.8,20.3,13.8,1,Gas,SFDC
8.9,98,61,13.2,8.1,4,Gas,SFDC
5.8,85,83.8,23.9,10.5,5,Gas,SFDC
5.7,100,60.9,19.8,11.3,5,Electric,SFDC
8.4,88,77.7,26,4.6,8,Electric,SFS
4.9,86,73.7,4.7,9.4,5,Gas,SFS
7.3,102,32.2,27.8,3.3,8,Gas,SFDC
8.3,110,65.1,25.4,8.2,4,Gas,SFS
4,93,47.9,21.6,13.2,2,Electric,SFS
4.1,83,52,17.9,7.3,7,Gas,SFDC
6.4,89,46.2,16,2.5,6,Electric,SFS
7.9,94,83.5,13.7,8,5,Gas,SFDC
1.2,56,4.6,10.3,6.7,7,Gas,SFS
4.4,113,5.5,2.2,10.2,6,Electric,SFDC
8,114,33.5,21,11.8,3,Gas,SFDC
5.3,119,38.2,15.4,12.6,3,Gas,SFDC
9.5,108,63.8,35.5,5,6,Gas,SFDC
1.7,74,31.2,13.6,12.3,5,Electric,SFS
6.2,118,21.1,5.9,11.7,7,Electric,SFDC
6.4,115,22.5,10.2,11.8,2,Gas,SFDC
4.7,69,45.6,15.7,6.5,4,Gas,SFDC
4.3,76,49.9,25.4,7.4,6,Gas,SFS
6.6,121,24.6,11.7,7.3,6,Gas,SFS
4.3,126,49.9,5.9,16.2,3,Gas,SFS
5.3,100,28.7,4.6,9.5,6,Gas,SFDC
6.1,107,42.5,33.2,12.3,1,Gas,SFS
1.9,62,28.7,11.5,12.2,4,Gas,SFS
1,55,66.7,26.6,8.5,5,Electric,SFS
7.6,121,75.2,17.1,9,6,Gas,SFDC
3.2,87,67.4,31.9,12.2,4,Gas,SFDC
7.2,127,44.3,27.8,11.8,3,Electric,SFDC
2.5,59,51.6,22.4,5.8,6,Gas,SFDC
4.6,81,60.6,26.7,8.6,3,Gas,SFDC
6,99,79.6,17.9,11.4,7,Electric,SFDC
6.5,119,28.2,8.2,11.9,3,Electric,SFS
8.7,123,64.3,24.3,8.3,6,Electric,SFS
5.5,113,43.1,10.9,12.4,5,Electric,SFS
9.1,105,73.2,34.2,7.9,1,Gas,SFS
7.8,83,76.9,22,4,6,Electric,SFDC
5.3,74,41.4,11.5,8.5,2,Electric,SFS
8.5,106,80.4,12.6,9.3,4,Gas,SFS
6.8,89,88.5,34,7.5,8,Gas,SFDC
3.5,99,40.9,24.4,10.8,4,Gas,SFS
5.5,84,26.9,18.6,2.1,4,Gas,SFS
7.4,95,87.8,28.1,9.6,5,Gas,SFS
5.8,97,70.8,29.3,14,3,Gas,SFS
7.5,104,66.7,3.1,12.1,5,Gas,SFDC
5.3,90,82.7,17.3,14,6,Gas,SFDC
7.6,129,39.8,7,12.2,6,Gas,SFDC
6.1,83,39,13.3,7,5,Gas,SFS
4.6,105,52.5,23.2,9.8,6,Gas,SFS
7.4,88,40.4,25.4,4.9,6,Electric,SFS
7.1,114,47.2,14.5,10.6,2,Gas,SFS
8.1,133,39.9,24.4,14.3,2,Electric,SFDC
3.2,98,47,14.5,12.4,2,Gas,SFS
7.9,98,45.7,28.1,10,3,Electric,SFDC
5.2,119,59.4,25.6,11.9,5,Gas,SFS
6.8,97,55.2,22.8,10.8,1,Electric,SFDC
7.9,100,49.4,13.2,6.6,5,Gas,SFDC
3.1,111,59.4,25.6,17.1,3,Gas,SFS
4.3,83,38.2,25.6,13.3,2,Electric,SFS
5.2,110,46.5,15.7,12.4,7,Gas,SFDC
4.8,93,39.2,13.3,13.5,1,Gas,SFS
5.3,107,72.8,22.4,12.4,4,Gas,SFDC
7.7,103,41.5,9.7,8.9,8,Gas,SFDC
2.4,89,19.1,11.9,12.1,2,Gas,SFDC
8.9,102,41.6,11.5,7.5,2,Gas,SFS
7.6,122,43.8,19.4,12.6,4,Gas,SFDC
3.3,83,54,21.4,9.6,5,Electric,SFDC
4.4,55,58.3,14.6,2,3,Gas,SFDC
7,89,61.7,11.3,10.9,3,Gas,SFDC
7.3,108,67.7,13.1,9.5,0,Electric,SFDC
3.1,72,32.3,18.4,9.6,4,Electric,SFS
9.2,84,66.2,33.5,4.3,4,Gas,SFDC
9.6,125,66,30.8,11,7,Gas,SFDC
5.6,87,36.8,15.3,12.5,2,Gas,SFDC
11,130,50.1,4.7,9.8,5,Gas,SFDC
3.3,71,80.5,18.1,11.3,4,Electric,SFS
1.1,71,33.7,9.8,9,7,Electric,SFS
3.5,97,49.5,6.2,13.8,1,Gas,SFDC
6.3,99,56.4,25.7,10.5,6,Gas,SFS
4.5,81,30.7,24.6,7.9,9,Gas,SFS
4.2,94,33.5,16.1,8.5,6,Gas,SFDC
5.9,94,43.6,26.1,14.1,4,Gas,SFDC
5.7,84,73,25.4,6,4,Electric,SFS
8,117,39,2,13.4,1,Gas,SFDC
11.4,123,68.1,20.3,7.5,6,Gas,SFDC
2.5,68,55.7,12.6,11,5,Gas,SFS
4,73,39.6,13.7,4.7,7,Gas,SFDC
6.3,126,47.3,13.1,13.4,5,Gas,SFS
6.4,106,74.8,26.9,6.8,7,Gas,SFS
6.3,102,41.2,14.1,13.4,1,Electric,SFS
3.1,79,69.8,30.4,13.4,6,Electric,SFDC
2.7,98,45.6,30.9,14.1,3,Gas,SFS
8,110,59.9,18.2,8.1,5,Gas,SFS
8.1,115,43.5,15.8,13.2,0,Gas,SFDC
5.4,75,53.9,17,3.4,2,Gas,SFS
7.6,87,41.3,15.8,5.9,7,Electric,SFDC
7.5,108,61.4,26.2,9.4,4,Gas,SFS
5.7,102,36.2,17.3,12.5,6,Gas,SFS
5.3,87,43.7,28.5,9.1,6,Gas,SFS
5.3,74,71.3,25,3.8,6,Gas,SFDC
8.6,106,55.1,11.5,11.3,2,Gas,SFDC
5.3,87,42,6.8,6.7,8,Electric,SFDC
3.8,103,34.1,12.4,10.1,6,Gas,SFS
6.7,110,78.5,10.4,11.8,1,Gas,SFDC
6.3,81,35.2,10.5,9.9,0,Gas,SFS
5.5,99,73.7,11.3,10,2,Gas,SFDC
8,105,58.6,23.1,11.7,6,Electric,SFDC
5,71,69.2,37.9,4.3,6,Gas,SFDC
5,106,35.7,16.9,11.9,5,Electric,SFS
2.2,59,58.2,6.4,9.8,5,Electric,SFDC
5.5,96,62.7,16.4,10,4,Electric,SFS
5.9,81,52.4,17.2,4.7,9,Electric,SFS
8.1,105,19.7,8.3,9,3,Gas,SFDC
5.6,126,58.8,27.1,21.1,4,Gas,SFDC
1.9,72,46.6,19.4,12,7,Gas,SFS
6,106,45.1,14.1,10.4,3,Gas,SFS
6.4,79,31.7,23.9,5.9,8,Gas,SFDC
8.5,83,18.4,11.7,1.6,9,Gas,SFDC
6.1,108,34.6,29.2,15.5,3,Gas,SFDC
8.7,135,56.7,30.1,9.4,5,Electric,SFS
7.2,118,51.6,7.5,7.1,7,Gas,SFS
5.9,85,65.5,25.2,10.8,3,Electric,SFS
6,123,45.7,17.9,18.6,5,Gas,SFDC
3.6,90,30.2,2.8,13.2,5,Gas,SFS
1.3,67,49.3,19.9,15.2,3,Gas,SFS
5.9,74,69,11.6,8.8,1,Gas,SFS
7.6,115,19.6,16.8,12,5,Gas,SFDC
8,121,55.5,29.1,10.6,3,Gas,SFS
3.8,94,66.3,19.1,10.3,5,Electric,SFS
2.9,100,46.9,18.4,11.3,8,Electric,SFS
4.6,93,47.5,23.7,8.3,7,Gas,SFDC
1,76,44,24.2,9.7,6,Electric,SFS
3.1,109,49.5,14.9,15.5,3,Gas,SFS
5.4,91,49.2,5.5,10.3,7,Gas,SFS
10.4,118,65.4,17.4,10.5,2,Gas,SFDC
3,99,94.4,31.8,17.4,5,Gas,SFS
1.1,62,54.9,22.4,9.7,3,Electric,SFS
5.3,108,37.4,29.6,8.4,9,Electric,SFDC
8.9,105,68.7,35,11.9,2,Gas,SFDC
9.1,109,48.1,14.3,9.9,3,Gas,SFDC
6.7,102,54.5,23.4,6.4,4,Gas,SFS
5.4,108,46.5,13.7,8.6,4,Gas,SFS
3,102,35.8,5.1,11.4,6,Gas,SFS
4.1,82,44.4,17.8,12.8,2,Gas,SFS
4.5,98,31.9,15.3,9.6,3,Electric,SFDC
4.9,106,22.6,14.1,7.9,6,Gas,SFS
4.8,107,56.9,19.5,10.9,3,Electric,SFS
4.9,89,63.1,21.2,8.1,7,Gas,SFDC
7,100,33.8,12.7,9.9,4,Gas,SFDC
9.2,123,64.4,10.2,8.4,2,Gas,SFS
5.7,87,54.6,9.3,8,5,Electric,SFDC
3.6,94,50.4,8.6,13.8,1,Gas,SFS
9,99,55.6,29.6,6.8,6,Gas,SFDC
9.1,95,85.4,27.1,7.6,2,Electric,SFS
6.5,102,59.6,19.3,9.4,7,Electric,SFDC
6,78,69.7,34.9,10.3,2,Gas,SFS
4.3,77,73.2,19.3,14.8,2,Electric,SFDC
5.8,102,64.8,24.4,11.7,5,Gas,SFS
3.9,89,40.2,3.7,8.9,4,Gas,SFDC
8.9,97,83.3,28.5,5.2,5,Electric,SFS
5.3,113,28.2,10.5,10.3,5,Gas,SFDC
10.4,108,80.8,20.9,8.1,4,Gas,SFDC
8,109,34.3,22.2,9.7,3,Gas,SFS
3.7,91,60.3,28.8,12.4,3,Gas,SFDC
7.1,120,72.7,29.9,11,3,Gas,SFDC
5.4,121,38.9,35.9,14.9,6,Electric,SFS
6.9,106,27.4,18.9,11.4,2,Gas,SFDC
8.6,95,57.5,27.7,2.9,8,Electric,SFS
6.1,132,53.7,12.4,14.4,3,Gas,SFS
5.8,77,54.5,9.7,4.5,9,Gas,SFDC
8,83,30.6,28.1,3.7,4,Gas,SFS
6.6,92,98,21.1,5.7,8,Gas,SFDC
2.1,84,46,7.5,10.9,4,Electric,SFS
5.5,99,56,10.1,6.1,7,Gas,SFS
5,96,82.7,20.5,8.8,6,Gas,SFS
7.1,102,54.5,31.4,10.9,3,Electric,SFS
5.3,78,62.5,23.3,8.6,4,Gas,SFS
2.7,98,68.2,11,13.5,5,Gas,SFS
3.7,82,50.4,4.6,7.2,8,Electric,SFDC
2.7,73,17.7,15,11.1,6,Gas,SFS
6.6,91,63.1,25.5,8.5,3,Gas,SFDC
3.3,109,42.1,4.8,15.2,2,Gas,SFDC
4.8,104,54.7,28,9.7,9,Gas,SFDC
9.3,89,49.7,36.6,5.6,4,Gas,SFDC
4,101,40,10.6,9.8,6,Electric,SFS
8.7,92,46.3,38.1,3.2,7,Gas,SFDC
2.6,100,26.5,9.5,12.9,5,Electric,SFDC
2.9,70,57.7,25.9,7.3,5,Gas,SFDC
4.8,87,49.1,12,9.5,3,Gas,SFS
10,130,46,14.8,8.1,5,Gas,SFDC
7.2,95,32.5,21.3,6,7,Gas,SFDC
4.2,78,19.3,17.7,11.9,3,Gas,SFDC
4.1,92,45.3,17.8,13.7,4,Gas,SFDC
8.6,108,54.1,10.8,8,4,Electric,SFS
10.6,118,44,12.4,7.9,2,Electric,SFDC
8.1,110,78.5,24.4,10.9,4,Electric,SFS
6.4,80,46.9,33.3,6.6,4,Gas,SFDC
5.3,97,81.8,37.6,10,5,Electric,SFDC
2.1,56,25.9,15.4,9.4,5,Gas,SFDC
8,117,94.6,20.3,7.7,6,Gas,SFS
4,104,43.8,11.7,9.3,6,Electric,SFS
4.2,104,53.8,23,12.5,4,Gas,SFS
6.2,123,34.2,5.2,14.1,5,Gas,SFS
5.7,101,37.4,19.6,10,3,Gas,SFS
6.7,105,62.5,18,9.3,5,Gas,SFS
8.1,89,58.9,13.8,8.2,5,Gas,SFDC
